<?xml version="1.0" encoding="Windows-1252"?>
<!--
WARNING: DO NOT MODIFY this file unless you are knowledgeable about its format
         and have created a backup copy.
-->
<library>
  <symbols />
  <mimics>
    <item name="POWER IMPORT SUMMARY">
      <DescriptionLang1>
      </DescriptionLang1>
      <DescriptionLang2>
      </DescriptionLang2>
      <MimicSize>1461</MimicSize>
      <MimicHeight>2500</MimicHeight>
      <MimicWidth>1920</MimicWidth>
      <MimicFileTime>133136960200000000</MimicFileTime>
      <MimicFormat>1</MimicFormat>
    </item>
    <item name="SYSTEM SUPPORT">
      <DescriptionLang1>
      </DescriptionLang1>
      <DescriptionLang2>
      </DescriptionLang2>
      <MimicSize>1449</MimicSize>
      <MimicHeight>2500</MimicHeight>
      <MimicWidth>1920</MimicWidth>
      <MimicFileTime>133136961970000000</MimicFileTime>
      <MimicFormat>1</MimicFormat>
    </item>
    <item name="Dashboard">
      <DescriptionLang1>
      </DescriptionLang1>
      <DescriptionLang2>
      </DescriptionLang2>
      <MimicSize>1434</MimicSize>
      <MimicHeight>1080</MimicHeight>
      <MimicWidth>1920</MimicWidth>
      <MimicFileTime>133137857270000000</MimicFileTime>
      <MimicFormat>1</MimicFormat>
    </item>
  </mimics>
  <mimic_templates />
  <images />
  <programs />
</library>