<?xml version="1.0" encoding="Windows-1252"?>
<!--
WARNING: DO NOT MODIFY this file unless you are knowledgeable about its format
         and have created a backup copy.
-->
<library>
  <symbols />
  <mimics>
    <item name="KEY SLD">
      <DescriptionLang1>
      </DescriptionLang1>
      <DescriptionLang2>
      </DescriptionLang2>
      <MimicSize>6671</MimicSize>
      <MimicHeight>1080</MimicHeight>
      <MimicWidth>1920</MimicWidth>
      <MimicFileTime>133137618730000000</MimicFileTime>
      <MimicFormat>1</MimicFormat>
    </item>
    <item name="EDG STATUS">
      <DescriptionLang1>
      </DescriptionLang1>
      <DescriptionLang2>
      </DescriptionLang2>
      <MimicSize>1441</MimicSize>
      <MimicHeight>1080</MimicHeight>
      <MimicWidth>1920</MimicWidth>
      <MimicFileTime>133136973200000000</MimicFileTime>
      <MimicFormat>1</MimicFormat>
    </item>
    <item name="FACEPLATE">
      <DescriptionLang1>
      </DescriptionLang1>
      <DescriptionLang2>
      </DescriptionLang2>
      <MimicSize>61154</MimicSize>
      <MimicHeight>366</MimicHeight>
      <MimicWidth>239</MimicWidth>
      <MimicFileTime>133137797620000000</MimicFileTime>
      <MimicFormat>2</MimicFormat>
    </item>
  </mimics>
  <mimic_templates />
  <images />
  <programs />
</library>