<?xml version="1.0" encoding="Windows-1252"?>
<!--
WARNING: DO NOT MODIFY this file unless you are knowledgeable about its format
         and have created a backup copy.
-->
<library>
  <symbols />
  <mimics />
  <mimic_templates>
    <item name="TEMPLATE_INDUS_DARK">
      <DescriptionLang1>
      </DescriptionLang1>
      <DescriptionLang2>
      </DescriptionLang2>
      <MimicSize>44879</MimicSize>
      <MimicHeight>1080</MimicHeight>
      <MimicWidth>1920</MimicWidth>
      <MimicFileTime>133143098420000000</MimicFileTime>
      <MimicFormat>1</MimicFormat>
    </item>
    <item name="TEMPLATE_M275kV_631_DISPLAY">
      <DescriptionLang1>
      </DescriptionLang1>
      <DescriptionLang2>
      </DescriptionLang2>
      <MimicSize>42184</MimicSize>
      <MimicHeight>1080</MimicHeight>
      <MimicWidth>1920</MimicWidth>
      <MimicFileTime>133143204800000000</MimicFileTime>
      <MimicFormat>1</MimicFormat>
    </item>
  </mimic_templates>
  <images />
  <programs />
</library>