<?xml version="1.0" encoding="Windows-1252"?>
<!--
WARNING: DO NOT MODIFY this file unless you are knowledgeable about its format
         and have created a backup copy.
-->
<library>
  <symbols />
  <mimics>
    <item name="ELECTRIC">
      <DescriptionLang1>
      </DescriptionLang1>
      <DescriptionLang2>
      </DescriptionLang2>
      <MimicSize>53850</MimicSize>
      <MimicHeight>966</MimicHeight>
      <MimicWidth>1916</MimicWidth>
      <MimicFileTime>133139757560000000</MimicFileTime>
      <MimicFormat>2</MimicFormat>
    </item>
    <item name="LOAD SHEEDING_631">
      <DescriptionLang1>
      </DescriptionLang1>
      <DescriptionLang2>
      </DescriptionLang2>
      <MimicSize>1463</MimicSize>
      <MimicHeight>1080</MimicHeight>
      <MimicWidth>1920</MimicWidth>
      <MimicFileTime>133143104180000000</MimicFileTime>
      <MimicFormat>1</MimicFormat>
    </item>
    <item name="ENERGY CONSUMPATION_631">
      <DescriptionLang1>
      </DescriptionLang1>
      <DescriptionLang2>
      </DescriptionLang2>
      <MimicSize>1475</MimicSize>
      <MimicHeight>1080</MimicHeight>
      <MimicWidth>1920</MimicWidth>
      <MimicFileTime>133143106950000000</MimicFileTime>
      <MimicFormat>1</MimicFormat>
    </item>
    <item name="Dashboard_trend">
      <DescriptionLang1>
      </DescriptionLang1>
      <DescriptionLang2>
      </DescriptionLang2>
      <MimicSize>11512</MimicSize>
      <MimicHeight>1080</MimicHeight>
      <MimicWidth>1920</MimicWidth>
      <MimicFileTime>133143185670000000</MimicFileTime>
      <MimicFormat>1</MimicFormat>
    </item>
    <item name="Trends">
      <DescriptionLang1>
      </DescriptionLang1>
      <DescriptionLang2>
      </DescriptionLang2>
      <MimicSize>13016</MimicSize>
      <MimicHeight>1080</MimicHeight>
      <MimicWidth>1920</MimicWidth>
      <MimicFileTime>133143209230000000</MimicFileTime>
      <MimicFormat>1</MimicFormat>
    </item>
  </mimics>
  <mimic_templates />
  <images />
  <programs />
</library>