<?xml version="1.0" encoding="Windows-1252"?>
<!--
WARNING: DO NOT MODIFY this file unless you are knowledgeable about its format
         and have created a backup copy.
-->
<library>
  <symbols />
  <mimics>
    <item name="FACEPLATE">
      <DescriptionLang1>
      </DescriptionLang1>
      <DescriptionLang2>
      </DescriptionLang2>
      <MimicSize>64555</MimicSize>
      <MimicHeight>409</MimicHeight>
      <MimicWidth>239</MimicWidth>
      <MimicFileTime>133139825930000000</MimicFileTime>
      <MimicFormat>2</MimicFormat>
    </item>
    <item name="KEY SLD">
      <DescriptionLang1>
      </DescriptionLang1>
      <DescriptionLang2>
      </DescriptionLang2>
      <MimicSize>6715</MimicSize>
      <MimicHeight>1080</MimicHeight>
      <MimicWidth>1920</MimicWidth>
      <MimicFileTime>133143167880000000</MimicFileTime>
      <MimicFormat>1</MimicFormat>
    </item>
  </mimics>
  <mimic_templates />
  <images />
  <programs />
</library>