<?xml version="1.0" encoding="Windows-1252"?>
<!--
WARNING: DO NOT MODIFY this file unless you are knowledgeable about its format
         and have created a backup copy.
-->
<library>
  <symbols />
  <mimics>
    <item name="POWER IMPORT SUMMARY_631">
      <DescriptionLang1>
      </DescriptionLang1>
      <DescriptionLang2>
      </DescriptionLang2>
      <MimicSize>1477</MimicSize>
      <MimicHeight>1080</MimicHeight>
      <MimicWidth>1920</MimicWidth>
      <MimicFileTime>133143104620000000</MimicFileTime>
      <MimicFormat>1</MimicFormat>
    </item>
    <item name="SYSTEM SUPPORT_631">
      <DescriptionLang1>
      </DescriptionLang1>
      <DescriptionLang2>
      </DescriptionLang2>
      <MimicSize>1465</MimicSize>
      <MimicHeight>1080</MimicHeight>
      <MimicWidth>1920</MimicWidth>
      <MimicFileTime>133143106480000000</MimicFileTime>
      <MimicFormat>1</MimicFormat>
    </item>
    <item name="EMERGENCY SLD_631">
      <DescriptionLang1>
      </DescriptionLang1>
      <DescriptionLang2>
      </DescriptionLang2>
      <MimicSize>1463</MimicSize>
      <MimicHeight>1080</MimicHeight>
      <MimicWidth>1920</MimicWidth>
      <MimicFileTime>133143203820000000</MimicFileTime>
      <MimicFormat>1</MimicFormat>
    </item>
  </mimics>
  <mimic_templates />
  <images />
  <programs />
</library>