<?xml version="1.0" encoding="Windows-1252"?>
<!--
WARNING: DO NOT MODIFY this file unless you are knowledgeable about its format
         and have created a backup copy.
-->
<library>
  <symbols />
  <mimics />
  <mimic_templates />
  <images>
    <item name="ELEC_SWITCH_OPENBAR_H_GREEN.png">
      <DescriptionLang1>
      </DescriptionLang1>
      <DescriptionLang2>
      </DescriptionLang2>
      <MimicSize>3463</MimicSize>
      <MimicHeight>40</MimicHeight>
      <MimicWidth>40</MimicWidth>
      <MimicFileTime>129950821660000000</MimicFileTime>
      <MimicFormat>0</MimicFormat>
    </item>
    <item name="petronas-2-logo-png-transparent_-_Copy_100x78.png">
      <DescriptionLang1>
      </DescriptionLang1>
      <DescriptionLang2>
      </DescriptionLang2>
      <MimicSize>6186</MimicSize>
      <MimicHeight>78</MimicHeight>
      <MimicWidth>100</MimicWidth>
      <MimicFileTime>133136786660000000</MimicFileTime>
      <MimicFormat>0</MimicFormat>
    </item>
  </images>
  <programs />
</library>