<?xml version="1.0" encoding="Windows-1252"?>
<!--
WARNING: DO NOT MODIFY this file unless you are knowledgeable about its format
         and have created a backup copy.
-->
<library>
  <symbols />
  <mimics />
  <mimic_templates />
  <images>
    <item name="ELEC_INVERTER_CLOSEBAR_GREEN.png">
      <DescriptionLang1>
      </DescriptionLang1>
      <DescriptionLang2>
      </DescriptionLang2>
      <MimicSize>3120</MimicSize>
      <MimicHeight>52</MimicHeight>
      <MimicWidth>13</MimicWidth>
      <MimicFileTime>129950820980000000</MimicFileTime>
      <MimicFormat>0</MimicFormat>
    </item>
    <item name="ELEC_SWITCH_CLOSEBAR_H_GRAY.png">
      <DescriptionLang1>
      </DescriptionLang1>
      <DescriptionLang2>
      </DescriptionLang2>
      <MimicSize>2857</MimicSize>
      <MimicHeight>13</MimicHeight>
      <MimicWidth>35</MimicWidth>
      <MimicFileTime>129950821400000000</MimicFileTime>
      <MimicFormat>0</MimicFormat>
    </item>
    <item name="ELEC_SWITCH_CLOSEBAR_V_GRAY.png">
      <DescriptionLang1>
      </DescriptionLang1>
      <DescriptionLang2>
      </DescriptionLang2>
      <MimicSize>2849</MimicSize>
      <MimicHeight>35</MimicHeight>
      <MimicWidth>15</MimicWidth>
      <MimicFileTime>129950821440000000</MimicFileTime>
      <MimicFormat>0</MimicFormat>
    </item>
  </images>
  <programs />
</library>