<?xml version="1.0" encoding="Windows-1252"?>
<!--
WARNING: DO NOT MODIFY this file unless you are knowledgeable about its format
         and have created a backup copy.
-->
<library>
  <symbols />
  <mimics>
    <item name="LOAD SHEEDING">
      <DescriptionLang1>
      </DescriptionLang1>
      <DescriptionLang2>
      </DescriptionLang2>
      <MimicSize>1447</MimicSize>
      <MimicHeight>2500</MimicHeight>
      <MimicWidth>1920</MimicWidth>
      <MimicFileTime>133136959100000000</MimicFileTime>
      <MimicFormat>1</MimicFormat>
    </item>
    <item name="DISTURBANCE RECORD">
      <DescriptionLang1>
      </DescriptionLang1>
      <DescriptionLang2>
      </DescriptionLang2>
      <MimicSize>1457</MimicSize>
      <MimicHeight>2500</MimicHeight>
      <MimicWidth>1920</MimicWidth>
      <MimicFileTime>133136961860000000</MimicFileTime>
      <MimicFormat>1</MimicFormat>
    </item>
    <item name="ENERGY CONSUMPATION">
      <DescriptionLang1>
      </DescriptionLang1>
      <DescriptionLang2>
      </DescriptionLang2>
      <MimicSize>1459</MimicSize>
      <MimicHeight>2500</MimicHeight>
      <MimicWidth>1920</MimicWidth>
      <MimicFileTime>133136962520000000</MimicFileTime>
      <MimicFormat>1</MimicFormat>
    </item>
    <item name="TARIFF METER">
      <DescriptionLang1>
      </DescriptionLang1>
      <DescriptionLang2>
      </DescriptionLang2>
      <MimicSize>1445</MimicSize>
      <MimicHeight>1080</MimicHeight>
      <MimicWidth>1920</MimicWidth>
      <MimicFileTime>133136974610000000</MimicFileTime>
      <MimicFormat>1</MimicFormat>
    </item>
    <item name="DC UPS">
      <DescriptionLang1>
      </DescriptionLang1>
      <DescriptionLang2>
      </DescriptionLang2>
      <MimicSize>1433</MimicSize>
      <MimicHeight>1080</MimicHeight>
      <MimicWidth>1920</MimicWidth>
      <MimicFileTime>133136974780000000</MimicFileTime>
      <MimicFormat>1</MimicFormat>
    </item>
  </mimics>
  <mimic_templates />
  <images />
  <programs />
</library>