<?xml version="1.0" encoding="Windows-1252"?>
<!--
WARNING: DO NOT MODIFY this file unless you are knowledgeable about its format
         and have created a backup copy.
-->
<library>
  <symbols />
  <mimics>
    <item name="11kV">
      <DescriptionLang1>
      </DescriptionLang1>
      <DescriptionLang2>
      </DescriptionLang2>
      <MimicSize>1429</MimicSize>
      <MimicHeight>1080</MimicHeight>
      <MimicWidth>1920</MimicWidth>
      <MimicFileTime>133136974130000000</MimicFileTime>
      <MimicFormat>1</MimicFormat>
    </item>
    <item name="400V">
      <DescriptionLang1>
      </DescriptionLang1>
      <DescriptionLang2>
      </DescriptionLang2>
      <MimicSize>1429</MimicSize>
      <MimicHeight>1080</MimicHeight>
      <MimicWidth>1920</MimicWidth>
      <MimicFileTime>133136974280000000</MimicFileTime>
      <MimicFormat>1</MimicFormat>
    </item>
  </mimics>
  <mimic_templates />
  <images />
  <programs />
</library>