<?xml version="1.0" encoding="Windows-1252"?>
<!--
WARNING: DO NOT MODIFY this file unless you are knowledgeable about its format
         and have created a backup copy.
-->
<library>
  <symbols />
  <mimics />
  <mimic_templates />
  <images>
    <item name="ELEC_INVERTER_CLOSEBAR_GRAY.png">
      <DescriptionLang1>
      </DescriptionLang1>
      <DescriptionLang2>
      </DescriptionLang2>
      <MimicSize>3079</MimicSize>
      <MimicHeight>52</MimicHeight>
      <MimicWidth>13</MimicWidth>
      <MimicFileTime>129950820960000000</MimicFileTime>
      <MimicFormat>0</MimicFormat>
    </item>
    <item name="ELEC_Line_V_Gray.png">
      <DescriptionLang1>
      </DescriptionLang1>
      <DescriptionLang2>
      </DescriptionLang2>
      <MimicSize>2859</MimicSize>
      <MimicHeight>47</MimicHeight>
      <MimicWidth>15</MimicWidth>
      <MimicFileTime>129950821340000000</MimicFileTime>
      <MimicFormat>0</MimicFormat>
    </item>
  </images>
  <programs />
</library>