<?xml version="1.0" encoding="Windows-1252"?>
<!--
WARNING: DO NOT MODIFY this file unless you are knowledgeable about its format
         and have created a backup copy.
-->
<library>
  <symbols />
  <mimics />
  <mimic_templates />
  <images>
    <item name="ELEC_EARTH_H_L2R_GREEN.png">
      <DescriptionLang1>
      </DescriptionLang1>
      <DescriptionLang2>
      </DescriptionLang2>
      <MimicSize>4325</MimicSize>
      <MimicHeight>39</MimicHeight>
      <MimicWidth>45</MimicWidth>
      <MimicFileTime>129950820720000000</MimicFileTime>
      <MimicFormat>0</MimicFormat>
    </item>
    <item name="ELEC_LINE_V_GREEN.png">
      <DescriptionLang1>
      </DescriptionLang1>
      <DescriptionLang2>
      </DescriptionLang2>
      <MimicSize>2913</MimicSize>
      <MimicHeight>47</MimicHeight>
      <MimicWidth>15</MimicWidth>
      <MimicFileTime>129950821340000000</MimicFileTime>
      <MimicFormat>0</MimicFormat>
    </item>
  </images>
  <programs />
</library>