<?xml version="1.0" encoding="Windows-1252"?>
<!--
WARNING: DO NOT MODIFY this file unless you are knowledgeable about its format
         and have created a backup copy.
-->
<library>
  <symbols />
  <mimics>
    <item name="OVERALL">
      <DescriptionLang1>
      </DescriptionLang1>
      <DescriptionLang2>
      </DescriptionLang2>
      <MimicSize>1435</MimicSize>
      <MimicHeight>2500</MimicHeight>
      <MimicWidth>1920</MimicWidth>
      <MimicFileTime>133136944990000000</MimicFileTime>
      <MimicFormat>1</MimicFormat>
    </item>
    <item name="Alarms">
      <DescriptionLang1>
      </DescriptionLang1>
      <DescriptionLang2>
      </DescriptionLang2>
      <MimicSize>3017</MimicSize>
      <MimicHeight>1080</MimicHeight>
      <MimicWidth>1920</MimicWidth>
      <MimicFileTime>133136906830000000</MimicFileTime>
      <MimicFormat>1</MimicFormat>
    </item>
    <item name="275kV">
      <DescriptionLang1>
      </DescriptionLang1>
      <DescriptionLang2>
      </DescriptionLang2>
      <MimicSize>1431</MimicSize>
      <MimicHeight>2500</MimicHeight>
      <MimicWidth>1920</MimicWidth>
      <MimicFileTime>133136958250000000</MimicFileTime>
      <MimicFormat>1</MimicFormat>
    </item>
    <item name="LEGEND">
      <DescriptionLang1>
      </DescriptionLang1>
      <DescriptionLang2>
      </DescriptionLang2>
      <MimicSize>1433</MimicSize>
      <MimicHeight>2500</MimicHeight>
      <MimicWidth>1920</MimicWidth>
      <MimicFileTime>133136962350000000</MimicFileTime>
      <MimicFormat>1</MimicFormat>
    </item>
    <item name="RAPID MAP">
      <DescriptionLang1>
      </DescriptionLang1>
      <DescriptionLang2>
      </DescriptionLang2>
      <MimicSize>1439</MimicSize>
      <MimicHeight>2500</MimicHeight>
      <MimicWidth>1920</MimicWidth>
      <MimicFileTime>133136962620000000</MimicFileTime>
      <MimicFormat>1</MimicFormat>
    </item>
    <item name="TEST">
      <DescriptionLang1>
      </DescriptionLang1>
      <DescriptionLang2>
      </DescriptionLang2>
      <MimicSize>25121</MimicSize>
      <MimicHeight>376</MimicHeight>
      <MimicWidth>225</MimicWidth>
      <MimicFileTime>133137756520000000</MimicFileTime>
      <MimicFormat>2</MimicFormat>
    </item>
  </mimics>
  <mimic_templates />
  <images />
  <programs />
</library>