<?xml version="1.0" encoding="Windows-1252"?>
<!--
WARNING: DO NOT MODIFY this file unless you are knowledgeable about its format
         and have created a backup copy.
-->
<library>
  <symbols>
    <item name="AlarmCounters.ani">
      <DescriptionLang1>
      </DescriptionLang1>
      <DescriptionLang2>
      </DescriptionLang2>
      <MimicSize>3524</MimicSize>
      <MimicHeight>115</MimicHeight>
      <MimicWidth>583</MimicWidth>
      <MimicFileTime>133017961300000000</MimicFileTime>
      <MimicFormat>1</MimicFormat>
    </item>
  </symbols>
  <mimics />
  <mimic_templates />
  <images />
  <programs />
</library>