<?xml version="1.0" encoding="Windows-1252"?>
<!--
WARNING: DO NOT MODIFY this file unless you are knowledgeable about its format
         and have created a backup copy.
-->
<library>
  <symbols />
  <mimics />
  <mimic_templates />
  <images>
    <item name="ELEC_EARTH_H_L2R_GRAY.png">
      <DescriptionLang1>
      </DescriptionLang1>
      <DescriptionLang2>
      </DescriptionLang2>
      <MimicSize>4102</MimicSize>
      <MimicHeight>39</MimicHeight>
      <MimicWidth>45</MimicWidth>
      <MimicFileTime>129950820720000000</MimicFileTime>
      <MimicFormat>0</MimicFormat>
    </item>
    <item name="ELEC_SWITCH_CLOSEBAR_H_GREEN.png">
      <DescriptionLang1>
      </DescriptionLang1>
      <DescriptionLang2>
      </DescriptionLang2>
      <MimicSize>2864</MimicSize>
      <MimicHeight>13</MimicHeight>
      <MimicWidth>35</MimicWidth>
      <MimicFileTime>129950821420000000</MimicFileTime>
      <MimicFormat>0</MimicFormat>
    </item>
    <item name="ELEC_SWITCH_CLOSEBAR_V_GREEN.png">
      <DescriptionLang1>
      </DescriptionLang1>
      <DescriptionLang2>
      </DescriptionLang2>
      <MimicSize>2866</MimicSize>
      <MimicHeight>35</MimicHeight>
      <MimicWidth>15</MimicWidth>
      <MimicFileTime>129950821440000000</MimicFileTime>
      <MimicFormat>0</MimicFormat>
    </item>
    <item name="ELEC_SWITCH_OPENBAR_H_L2R_GREEN.png">
      <DescriptionLang1>
      </DescriptionLang1>
      <DescriptionLang2>
      </DescriptionLang2>
      <MimicSize>3614</MimicSize>
      <MimicHeight>67</MimicHeight>
      <MimicWidth>49</MimicWidth>
      <MimicFileTime>129950821660000000</MimicFileTime>
      <MimicFormat>0</MimicFormat>
    </item>
  </images>
  <programs />
</library>