<?xml version="1.0" encoding="Windows-1252"?>
<!--
WARNING: DO NOT MODIFY this file unless you are knowledgeable about its format
         and have created a backup copy.
-->
<library>
  <symbols />
  <mimics />
  <mimic_templates />
  <images>
    <item name="ELEC_SWITCH_OPENBAR_H_GRAY.png">
      <DescriptionLang1>
      </DescriptionLang1>
      <DescriptionLang2>
      </DescriptionLang2>
      <MimicSize>3355</MimicSize>
      <MimicHeight>40</MimicHeight>
      <MimicWidth>40</MimicWidth>
      <MimicFileTime>129950821660000000</MimicFileTime>
      <MimicFormat>0</MimicFormat>
    </item>
    <item name="ELEC_SWITCH_OPENBAR_H_L2R_GRAY.png">
      <DescriptionLang1>
      </DescriptionLang1>
      <DescriptionLang2>
      </DescriptionLang2>
      <MimicSize>3509</MimicSize>
      <MimicHeight>67</MimicHeight>
      <MimicWidth>49</MimicWidth>
      <MimicFileTime>129950821660000000</MimicFileTime>
      <MimicFormat>0</MimicFormat>
    </item>
  </images>
  <programs />
</library>