<?xml version="1.0" encoding="Windows-1252"?>
<!--
WARNING: DO NOT MODIFY this file unless you are knowledgeable about its format
         and have created a backup copy.
-->
<library>
  <symbols />
  <mimics>
    <item name="Mimic 10">
      <DescriptionLang1>
      </DescriptionLang1>
      <DescriptionLang2>
      </DescriptionLang2>
      <MimicSize>15062</MimicSize>
      <MimicHeight>1080</MimicHeight>
      <MimicWidth>1920</MimicWidth>
      <MimicFileTime>133139803340000000</MimicFileTime>
      <MimicFormat>1</MimicFormat>
    </item>
    <item name="Dashboard">
      <DescriptionLang1>
      </DescriptionLang1>
      <DescriptionLang2>
      </DescriptionLang2>
      <MimicSize>11496</MimicSize>
      <MimicHeight>1080</MimicHeight>
      <MimicWidth>1920</MimicWidth>
      <MimicFileTime>133143191270000000</MimicFileTime>
      <MimicFormat>1</MimicFormat>
    </item>
    <item name="275kV_631">
      <DescriptionLang1>
      </DescriptionLang1>
      <DescriptionLang2>
      </DescriptionLang2>
      <MimicSize>9742</MimicSize>
      <MimicHeight>1080</MimicHeight>
      <MimicWidth>1920</MimicWidth>
      <MimicFileTime>133143174680000000</MimicFileTime>
      <MimicFormat>1</MimicFormat>
    </item>
    <item name="OVERALL_631">
      <DescriptionLang1>
      </DescriptionLang1>
      <DescriptionLang2>
      </DescriptionLang2>
      <MimicSize>1451</MimicSize>
      <MimicHeight>1080</MimicHeight>
      <MimicWidth>1920</MimicWidth>
      <MimicFileTime>133143103270000000</MimicFileTime>
      <MimicFormat>1</MimicFormat>
    </item>
    <item name="DISTURBANCE RECORD_631">
      <DescriptionLang1>
      </DescriptionLang1>
      <DescriptionLang2>
      </DescriptionLang2>
      <MimicSize>1473</MimicSize>
      <MimicHeight>1080</MimicHeight>
      <MimicWidth>1920</MimicWidth>
      <MimicFileTime>133143105080000000</MimicFileTime>
      <MimicFormat>1</MimicFormat>
    </item>
    <item name="RAPID MAP_631">
      <DescriptionLang1>
      </DescriptionLang1>
      <DescriptionLang2>
      </DescriptionLang2>
      <MimicSize>1455</MimicSize>
      <MimicHeight>1080</MimicHeight>
      <MimicWidth>1920</MimicWidth>
      <MimicFileTime>133143107130000000</MimicFileTime>
      <MimicFormat>1</MimicFormat>
    </item>
  </mimics>
  <mimic_templates />
  <images />
  <programs />
</library>