<?xml version="1.0" encoding="Windows-1252"?>
<!--
WARNING: DO NOT MODIFY this file unless you are knowledgeable about its format
         and have created a backup copy.
-->
<library>
  <symbols />
  <mimics>
    <item name="OVERVIEW">
      <DescriptionLang1>
      </DescriptionLang1>
      <DescriptionLang2>
      </DescriptionLang2>
      <MimicSize>12097</MimicSize>
      <MimicHeight>2500</MimicHeight>
      <MimicWidth>1920</MimicWidth>
      <MimicFileTime>133136947780000000</MimicFileTime>
      <MimicFormat>1</MimicFormat>
    </item>
    <item name="Logs">
      <DescriptionLang1>
      </DescriptionLang1>
      <DescriptionLang2>
      </DescriptionLang2>
      <MimicSize>2895</MimicSize>
      <MimicHeight>2500</MimicHeight>
      <MimicWidth>1920</MimicWidth>
      <MimicFileTime>133136331040000000</MimicFileTime>
      <MimicFormat>1</MimicFormat>
    </item>
    <item name="LIGHTING PANEL">
      <DescriptionLang1>
      </DescriptionLang1>
      <DescriptionLang2>
      </DescriptionLang2>
      <MimicSize>1449</MimicSize>
      <MimicHeight>2500</MimicHeight>
      <MimicWidth>1920</MimicWidth>
      <MimicFileTime>133136959840000000</MimicFileTime>
      <MimicFormat>1</MimicFormat>
    </item>
    <item name="OLTC">
      <DescriptionLang1>
      </DescriptionLang1>
      <DescriptionLang2>
      </DescriptionLang2>
      <MimicSize>1429</MimicSize>
      <MimicHeight>1080</MimicHeight>
      <MimicWidth>1920</MimicWidth>
      <MimicFileTime>133136974510000000</MimicFileTime>
      <MimicFormat>1</MimicFormat>
    </item>
    <item name="AC UPS">
      <DescriptionLang1>
      </DescriptionLang1>
      <DescriptionLang2>
      </DescriptionLang2>
      <MimicSize>1433</MimicSize>
      <MimicHeight>1080</MimicHeight>
      <MimicWidth>1920</MimicWidth>
      <MimicFileTime>133136975030000000</MimicFileTime>
      <MimicFormat>1</MimicFormat>
    </item>
  </mimics>
  <mimic_templates />
  <images />
  <programs />
</library>